module_sort_order,question_text,answer_a,answer_b,answer_c,answer_d,correct_answer,difficulty
2,"When operating a motor boat near a person in the water, the maximum speed you must not exceed within 50 metres is:",4 knots,6 knots,8 knots,10 knots,c,normal
2,"Within 15 metres of a vessel that is underway, what is the maximum speed limit?",4 knots,7 knots,8 knots,10 knots,c,normal
2,What is the maximum speed limit within a mooring area or boat haven?,4 knots,7 knots,8 knots,10 knots,c,normal
2,Which of the following boating accidents must be reported to authorities?,"All accidents, no matter how minor.",Only accidents involving motor boats or water skiers.,"Accidents resulting in serious injury or death, or that leave the vessel unseaworthy or unsafe.","Only accidents involving property damage over $1,000.",c,normal
2,Which vessels are generally required to be registered?,Only vessels fitted with an engine of 5 hp or more.,"All recreational vessels that are, or can be, fitted with an engine, other than a tender.",All recreational vessels over 3.1 metres fitted with an engine.,No vessels are required to be registered.,b,normal
2,A dive flag (a white flag with a diagonal blue stripe) seen on the water means:,Dangerous cargo is on board — keep well away.,"A diver is below — keep 50 metres clear, or travel at the slowest possible speed with a good lookout for people in the water.",Shallow water ahead — proceed with caution.,A vessel is aground — keep clear.,b,normal
2,An RST entitles the holder to skipper:,Vessels under 8 metres in length only.,All recreational vessels.,All commercial vessels.,All recreational and commercial vessels.,b,normal
2,"Within 50 metres of a jetty, wharf or the shore, the maximum speed limit is:",8 knots,6 knots,10 knots,There is no speed limit.,a,normal
2,An RST holder under the age of 16 is restricted to operating a vessel:,That is less than 4 metres in length.,With a motor under 6 hp.,During daylight hours and at a speed of less than 8 knots.,All of the above.,c,normal
2,What is the maximum blood alcohol limit that applies to the skipper of a recreational vessel in WA?,0.00,0.02,0.05,0.08,c,normal
2,"A marine incident involving serious injury, death, or damage that leaves a vessel unseaworthy must be reported within:",24 hours.,48 hours.,72 hours.,7 days.,c,normal
2,"If you come across another vessel or person in distress on the water, as skipper you are expected to:","Offer assistance, within the limits of what you can safely do.",Continue on your way unless directly asked for help.,Only assist if you are the closest vessel and fully crewed.,Radio the coastguard and take no further action yourself.,a,normal
2,"A small tender fitted with a motor of 5 hp or less, and no longer than 3.1 metres, is generally:",Required to be registered the same as any other vessel.,Exempt from registration.,Only exempt if used exclusively at night.,Required to display a special exemption sticker.,b,normal
2,Which code flag is used to signal that a diver is below?,Code flag A.,Code flag B.,Code flag O.,Code flag Z.,a,normal
2,"Water skiing behind a recreational vessel requires, at minimum:",A skipper only.,A skipper and a skier.,"A skipper, an observer, and a skier who all meet the age and role requirements.","Any two people on board, regardless of role.",c,normal
2,"While a vessel is underway, passengers should:",Stay within the hull of the vessel — not perched on the bow or gunwales.,"Sit on the bow for a better view, if the water is calm.",Stand on the gunwales when taking photos.,"Sit wherever they like, provided they hold on.",a,normal
2,"If you change your name or residential address after obtaining your RST, you must:",Do nothing — RST details never need updating.,Update your details with DTMI.,Re-sit the theory assessment.,Notify your local marine rescue group only.,b,normal
3,You have right of way and an approaching motor boat doesn't seem to be taking action to prevent a collision. What should you do?,Speed up so you can get past in time.,Exercise caution and take whatever avoiding action is necessary.,Maintain your course and speed because you have right of way.,Let off an internationally recognised distress signal.,b,normal
3,What does keeping a good lookout actually involve?,Looking straight ahead.,Looking forward and to each side.,Looking behind you.,"Using sight, hearing and all other available means.",d,normal
3,You are overtaking another vessel. What must you do?,Overtake on the starboard (right) side only.,Overtake on the port (left) side only.,"Keep well clear of the vessel you are overtaking, on either side.",No special action is required.,c,normal
3,"When travelling upstream in a narrow channel or river, where should you keep your vessel?",On the port (left-hand) side.,On the starboard (right-hand) side.,In the middle of the channel.,"On either side, whichever is safe.",b,normal
3,What sound signal means 'I am operating astern propulsion'?,Three short blasts.,Two short blasts.,One short blast.,One prolonged blast.,a,normal
3,"Two vessels are approaching each other as shown, one directly ahead and slightly to the right of the other. Which vessel must give way?",The vessel with the other boat on its starboard (right) side.,The vessel with the other boat on its port (left) side.,Neither — they should both hold course until one gives way.,Whichever vessel is travelling faster.,a,normal
3,"In restricted visibility such as fog or heavy rain, you should:",Speed up to get through the area faster.,"Switch on navigation lights, slow to a safe speed, and keep an especially good lookout.",Switch off your motor and drift until visibility improves.,Continue as normal — restricted visibility does not change the rules.,b,normal
3,"A vessel that is hampered by the work it is doing, such as dredging or cable laying, generally:",Must always give way to power-driven vessels.,Has right of way over ordinary traffic.,Has no special status under the rules.,Must display no special signal.,b,hard
3,"As a general rule between a power-driven vessel and a sailing vessel, which must give way?",The sailing vessel.,The power-driven vessel.,Whichever is travelling faster.,Whichever is larger.,b,normal
3,What does five short blasts on a vessel's horn mean?,I am altering course to starboard.,I am altering course to port.,I am operating astern propulsion.,"I do not understand your intentions, or you are not taking sufficient action.",d,normal
3,You are on a crossing course with another power-driven vessel on your port (left) side. You believe they may not have seen you. You should:,"Hold your course and speed, since you have right of way.","Alter course to the right, slow down, or both, even though you technically have right of way.",Alter course to the left to move away faster.,Sound one short blast and take no further action.,b,normal
3,Two power-driven vessels are meeting head-on. What action should both take?,"Both alter course to the right, passing port-to-port.","Both alter course to the left, passing starboard-to-starboard.",One should stop; the other proceeds.,Both maintain course and speed.,a,normal
4,What lights are required on a motor boat under 12 metres in length when underway at night or in reduced visibility?,Sidelights and a green masthead light.,Two all-round white lights.,"Red and green sidelights only, with no other light.","Red and green sidelights, plus either an all-round white light or a masthead light and stern light.",d,normal
4,"On a vessel under 12 metres, what is the minimum distance a masthead light must be visible from?",1 nautical mile.,2 nautical miles.,3 nautical miles.,5 nautical miles.,b,normal
4,"On a vessel that carries a masthead light, how high above the gunwale must it be mounted, at minimum?",1 metre.,1.5 metres.,2 metres.,2.5 metres.,d,hard
4,"What happens to rhodopsin, the molecule in your eyes responsible for night vision, when exposed to a bright white light?","It bleaches out, and full night vision can take the better part of an hour to recover.",It has no real effect on night vision.,It permanently improves night vision.,It turns the surrounding area red.,a,normal
4,A sailing vessel over 20 metres with separate sidelights and a stern light may also carry two optional all-round lights near the top of the mast. What colour is the upper light?,White.,Red.,Green.,Yellow.,b,hard
4,"Between sunset and sunrise, the general open-water speed limit on the Swan and Canning rivers reduces to:",6 knots.,8 knots.,10 knots.,12 knots.,c,normal
4,What lights must a vessel over 50 metres in length show while at anchor?,A single all-round white light.,"Two all-round white lights, with the forward light higher than the aft light.","Two all-round white lights, with the aft light higher than the forward light.",A single flashing yellow light.,b,normal
4,"What is the minimum lighting requirement for a motor boat under 7 metres travelling at 7 knots or less, underway at night?","Sidelights only, with no other light required.","A visible all-round white light, and sidelights if practicable.",A masthead light and stern light only.,No lights are required at that speed.,b,normal
4,"On a vessel under 12 metres, the masthead and stern lights may be combined into:",A single all-round white light.,A single red light.,Two separate green lights.,"They can never be combined, regardless of vessel size.",a,normal
4,"A sailing vessel that is motoring, rather than sailing, must show:","No lights at all, since it is a sailing vessel.",Only its sidelights.,The same lights as a motor boat of its size.,A single yellow all-round light.,c,normal
4,Why should you use red light rather than white light at the helm or chart table at night?,Red light uses less battery power.,"White light bleaches out night vision, which can take up to an hour to fully recover.",Red light is required by law after sunset.,There is no real difference between red and white light at night.,b,normal
5,"What kind of navigation mark has two black spheres, one above the other, as its topmark?",A port lateral mark.,A starboard lateral mark.,A safe water mark.,An isolated danger mark.,d,normal
5,"A cardinal mark has lost its topmark. The colour bands on the pole, from top to bottom, are black, yellow, black. What type of cardinal mark is it?",West cardinal.,East cardinal.,North cardinal.,South cardinal.,b,normal
5,Which colours are used for lateral mark lights?,Red and green only — the only marks that use these colours.,White only.,Yellow only.,Red and white.,a,normal
5,"Which light rhythm is specifically kept away from ordinary lateral marks, to avoid confusion?",Flashing.,Quick Flashing.,Group Flashing.,Composite Group Flashing.,d,hard
5,"If lit, a Safe Water Mark will NOT normally show which of the following rhythms?",Isophase.,Occulting.,Composite Group Flashing.,Long Flash (about every 10 seconds).,c,hard
5,"What colour light does a Special Mark show, if lit?",White.,Yellow.,Red.,Green.,b,normal
5,Which of the following is NOT a typical use of a Special Mark?,Marking a traffic separation zone.,Marking a spoil ground.,Marking an aquaculture lease.,Marking the port side of a channel.,d,normal
5,A light shows a continuous flashing pattern at a rate of 50 to 60 flashes per minute. What type of light is this?,Isophase.,Quick Flashing.,Very Quick Flashing.,Occulting.,b,hard
5,"When using a pair of leads to steer a safe course, if the marks are lit, what colour must the lights be?",Always red.,Always white.,Always green.,Any colour — the chart will show what to expect.,d,normal
5,"Entering a harbour, on which side should you keep a red, can-shaped port lateral mark?",On your port (left) side.,On your starboard (right) side.,It does not matter which side.,"Directly ahead, in the centre of the channel.",a,normal
5,A North cardinal mark's black topmark cones both point:,Up.,Down.,Away from each other.,Towards each other.,a,normal
5,What does an Isolated Danger Mark indicate?,Safe water in every direction.,"A specific hazard, with safe water all around it — pass well clear on any side.",The port side of a channel.,A traffic separation zone.,b,normal
6,How often should the motor on your vessel be serviced?,Before each time you use the vessel.,Every four months.,At least once a year.,Once every two years.,c,normal
6,"Before you go on a boating trip, you should:",Test navigation lights.,Check bilges are clean and dry.,Check steering.,All of the above.,d,easy
6,Why should you replace old fuel after a long period of inactivity?,Your vessel won't reach top speed.,The oil will settle on the bottom of the tank.,The octane level will reduce over time.,Water is likely to have built up in it.,d,normal
6,Where should batteries in a vessel be located?,In a ventilated container.,In a sealed container.,As low as possible in the bilge.,"On deck, exposed to the elements.",a,normal
6,"If your vessel is fitted with an LP gas system, how often should it be serviced?",Before each trip.,After each trip.,Monthly.,Yearly.,d,normal
6,"If you use your motor hard, how often should the gearbox oil be changed?",Every month.,Every three months.,Every six months.,Only when it looks discoloured.,b,normal
6,What is the most common cause of electrical system failures on a vessel?,Corrosion of terminals and connectors.,Overcharging the battery.,Using the wrong colour wiring.,Running the motor too fast.,a,normal
6,"Before starting your motor, a good habit is to do a 'sniff test' to check for:","Fuel smell, which could indicate a leak.",Fresh paint.,Salt water residue.,Diesel exhaust from other vessels.,a,normal
6,"After every trip, you should flush your engine with:",Salt water.,Fresh water.,Diesel.,Nothing — flushing is only needed monthly.,b,normal
6,"As part of a monthly maintenance check, you should:",Check flares and EVDS are still in date.,Test any bilge pump.,Look over safety gear for signs of deterioration.,All of the above.,d,easy
6,"As part of a yearly maintenance check, you should inspect:",Anodes for erosion.,"Through-hull fittings, hoses and clamps.","The gearbox oil, and replace it.",All of the above.,d,normal
6,Why should you periodically remove the propeller and check the shaft for wrapped fishing line?,It has no real effect and is purely cosmetic.,"Wrapped line can destroy the gearbox seal and let water in, eventually wrecking the gearbox.","It only affects top speed, not the gearbox.",Fishing line cannot wrap around a propeller shaft.,b,hard
7,"Where should safety equipment such as flares, EVDS and lifejackets be stowed on a vessel?","In readily accessible positions, protected from the sea and weather.",In locked compartments.,"Away from passengers, so they can't accidentally damage them.",Anywhere on board — location doesn't matter.,a,normal
7,"What safety equipment MUST be carried on a registrable vessel operating in unprotected waters, more than 4 nautical miles from the coast?","Two orange and two red hand-held flares, or EVDS.",A GPS-enabled EPIRB or PLB.,An HF or VHF marine radio.,All of the above.,d,hard
7,Fire extinguishers are recommended to be carried on vessels that:,"Are propelled by an inboard motor, or have cooking, heating or cooling equipment that uses flame.",Are propelled by an outboard motor.,Do not carry a fire blanket.,Are propelled by an electric motor.,a,normal
7,"When anchoring a vessel, you should consider:",The length of anchor line you'll need.,How close other vessels are.,Whether the vessel might drift.,All of the above.,d,easy
7,How many lifejackets must be carried on board a registrable vessel in unprotected waters?,One for each person on board.,Four.,Six.,At least one.,a,normal
7,"Other than using your radio in a distress situation, what is the most effective way of attracting attention at night?",Waving your arms up and down.,Letting off an orange smoke flare.,Using an EVDS or a red hand-held flare.,All of the above are equally effective.,c,normal
7,When should you activate your EPIRB or PLB?,As soon as the motor cuts out and won't restart.,Only where human life is in grave and imminent danger.,Any time you run out of fuel.,All of the above.,b,hard
7,When must an approved marine band radio be carried?,"On all vessels, on all waters.",On all registrable vessels operating beyond 4 nautical miles from shore.,On all non-registrable vessels operating beyond 4 nautical miles from shore.,"On all vessels operating in unprotected waters, regardless of distance.",b,normal
7,What do the words 'Pan Pan' indicate when said at the start of a radio message?,"A very urgent message follows, concerning the safety of a vessel or person, but it is not a grave and imminent danger.",A vessel is in grave and imminent danger.,An important navigational warning is about to be announced.,All of the above.,a,normal
7,What standard must an approved lifejacket meet?,AS 4758 or ISO 12402.,AS 1001.,There is no standard — any flotation device is acceptable.,ISO 9001.,a,normal
7,What is the key difference between a Level 100+ lifejacket and a Level 50/50S lifejacket?,Level 100+ jackets provide head and neck support and float the wearer face-up; Level 50/50S do not.,Level 50/50S jackets are always more buoyant.,There is no practical difference between them.,Level 100+ jackets are only for use on PWCs.,a,normal
7,Approximately how long does a red hand-held distress flare burn for?,About 45 seconds.,About 2 minutes.,About 10 minutes.,About 20 hours.,a,normal
7,An EPIRB is designed to float and operate for a minimum of:,12 hours.,24 hours.,48 hours.,7 days.,c,normal
7,A PLB (Personal Locator Beacon) differs from an EPIRB in that it:,Must be worn by a person on board and operates for a minimum of 24 hours.,Floats free of the vessel and never needs to be worn.,Does not need to be registered with AMSA.,Cannot be used at sea.,a,normal
7,What is the designated international distress and calling channel on a VHF marine radio?,Channel 9.,Channel 16.,Channel 67.,Channel 88.,b,normal
7,What is the recommended anchor line 'scope' (length of line relative to water depth) in calm conditions?,At least twice the water depth.,At least five times the water depth.,Exactly the water depth.,Scope does not matter in calm conditions.,b,normal
8,As part of your trip plan you should ensure:,Your vessel is suitable for the trip.,The weather and tides are favourable.,"All your safety gear and extras are on board, in good shape and within reach.",All of the above.,d,easy
8,"How much additional fuel is recommended to carry for a boating trip, over and above what you expect to use?",10% more than you expect to use.,20% more than you expect to use.,50% more than you expect to use.,100% more than you expect to use.,c,normal
8,Which is the most up-to-date source of weather forecasts?,The Bureau of Meteorology.,The newspaper.,Last night's television news.,AM/FM radio.,a,easy
8,Which wind warning indicates the average wind speed is expected to be 25 to 33 knots?,Strong wind warning.,Gale warning.,Storm warning.,Sea breeze.,a,normal
8,"Before undertaking a recreational boating trip, when should you tell relatives, friends or local authorities your travel plans and estimated arrival or return time?",Only when bad weather is forecast.,Only if travelling overnight.,On every occasion.,Only when going boating alone.,c,easy
8,"When loading your vessel with passengers and equipment for a day's outing, you should:",Distribute the load evenly in the vessel.,Ensure adequate freeboard for the conditions and any unexpected deterioration in weather.,Keep passenger numbers within the recommended limit.,All of the above.,d,normal
8,"If a vessel fills with water and has basic flotation, it will:",Sink straight away.,Have enough flotation to prevent the vessel and its maximum load from sinking.,Take three hours to sink.,Stay well above the water.,b,normal
8,"In the southern hemisphere, a low pressure system rotates in which direction?",Clockwise.,Anti-clockwise.,Always north.,Vertically.,b,hard
8,Which of the following can be a sign of approaching bad weather?,A wind shift.,An increase in swell.,Cloud building up.,All of the above.,d,easy
8,How do you work out your vessel's fuel consumption in litres per hour?,Divide litres used by hours run on a typical trip.,Multiply litres used by hours run.,It cannot be estimated — you must ask the manufacturer.,Divide the tank capacity by the trip distance.,a,normal
8,"Before departing, what crew factors should a skipper consider?",Whether anyone is prone to seasickness.,Whether anyone has a medical condition the skipper should know about.,Whether the trip is appropriate for everyone's age and experience.,All of the above.,d,easy
8,What is 'free surface effect'?,"Water sloshing around loose inside the hull, which can seriously undermine stability.",The natural buoyancy of an empty hull.,The drag caused by a fouled propeller.,The effect of wind on an anchored vessel.,a,hard
8,"A vessel with a long, slow roll that is reluctant to return upright is showing signs of:",Being correctly loaded.,Instability — weight should be moved lower and load reduced.,"A simple list, which is not a safety concern.",Normal behaviour in any sea state.,b,normal
8,What is 'chart datum'?,The average high tide level.,"Roughly the lowest water level the tide is likely to fall to, from which charted depths are measured.","The exact depth at every point on a chart, regardless of tide.",A GPS reference point unrelated to tides.,b,hard
8,"A sudden, brief increase in wind speed, often with a change in direction, that dies away again is called a:",Gale.,Squall.,Gust.,Cyclone.,b,normal
9,"Your vessel capsizes 4 nautical miles from the mainland shore. In most circumstances, it is best to:",Swim away from the vessel.,Try swimming to the shore as a group.,Send the strongest swimmer to get help.,Stay with the vessel.,d,normal
9,Most vessel groundings can be avoided by:,Planning your trips using a chart.,Knowing what navigation marks look like and mean.,Slowing down if you are unsure of a situation.,All of the above.,d,easy
9,You are out in a motor boat in calm weather and the motor cuts out unexpectedly. What should you do first?,Fire flares.,Radio Mayday.,Drop the anchor and assess your options.,Swim for shore.,c,normal
9,Fuel vapour will not leave a compartment without assistance because:,Fuel vapour is the same weight as air.,Fuel vapour is lighter than air.,Fuel vapour is heavier than air.,All of the above.,c,hard
9,"After a period of being exposed to cold water, the most likely effect on the body will be:",Hunger.,Hypothermia.,Dehydration.,Thirst.,b,normal
9,Who is responsible for the safety of everyone on board a recreational vessel?,The owner or their representative.,The most experienced person on board.,Any qualified person.,The skipper.,d,easy
9,Which of the following is a common contributing factor in vessel capsizes?,Overloading or poor load distribution.,Broaching in a following sea.,Free surface effect from water sloshing in the hull.,All of the above.,d,easy
9,"Before abandoning a sinking vessel, if time allows, you should:",Remove excess clothing to swim more easily.,Try to send a Mayday call and activate your EPIRB.,Empty the fuel tank overboard.,Wait until the vessel is fully submerged before acting.,b,normal
9,"If your vessel runs aground, what should you check first?",Whether your passengers are safe and uninjured.,The cost of repairs.,Whether anyone saw it happen.,The state of the tide only.,a,normal
9,Which of these is a common cause of fire on a recreational vessel?,Overheated galley equipment.,Faulty wiring.,Poor refuelling technique.,All of the above.,d,easy
9,"If a fire breaks out on your vessel, an early priority is to:",Raise the alarm and do a head count.,Continue on course and monitor the fire from a distance.,Immediately abandon ship regardless of the fire's size.,Turn off all radios to avoid distraction.,a,normal
9,"If your motor won't start, a basic troubleshooting check should include:",The kill switch and fuel supply.,"Battery connections, spark plugs and fuses.",The choke and carburettor air intake.,All of the above.,d,easy
9,What is the key difference between the HELP position and the Huddle position?,HELP is used alone; Huddle is used by a group clustering together for warmth.,HELP is only for use in warm water; Huddle is for cold water.,There is no difference — they are the same technique.,Huddle is used alone; HELP is used by a group.,a,normal
